,metric,mean,std_btwn_samples,mean_std_wtn_sample,ci_95_lower,ci_95_upper,cv_btwn_samples,cv_wtn_sample
0,rag_latency,0.4020225155449421,0.2379049748328639,0.0,0.3329421118123137,0.47110291927757053,0.5917702756284269,0.0
1,context_precision_score,0.83333333325,0.37267799621269715,0.0,0.7251189234474029,0.9415477430525971,0.4472135954999579,0.0
2,context_recall_score,0.8541666666666666,0.35293904887702954,0.0,0.7516838497076532,0.95664948362568,0.41319693527066875,0.0
3,non_LLM_context_recall_score,0.041666666666666664,0.19982631347136331,0.0,-0.016356846379676174,0.0996901797130095,4.79583152331272,0.0
4,rouge_score,0.1039945921673151,0.1021862899732299,0.0,0.07432278655564435,0.13366639777898587,0.9826115747328875,0.0
5,answer_relevancy_score,0.7838526702018139,0.24640983898780033,0.0,0.7123027113456455,0.8554026290579824,0.3143573382538311,0.0
6,answer_faithfulness_score,0.9287615740740741,0.12968644123388195,0.0,0.8911045569167902,0.966418591231358,0.13963372823985795,0.0
