,metric,mean,std_btwn_samples,mean_std_wtn_sample,ci_95_lower,ci_95_upper,cv_btwn_samples,cv_wtn_sample
0,rag_latency,0.5431428846897832,0.20197054183185612,0.46601362066555696,0.48574349179840093,0.6005422775811655,0.37185526594389956,0.8579945237278055
1,context_precision_score,0.593333333274,0.2928025500506897,0.32998316452072385,0.5101197692684628,0.6765468972795371,0.4934874439550056,0.5561514009332397
2,context_recall_score,0.5670000000000001,0.2495908009146863,0.32441142034684867,0.4960670792193855,0.6379329207806146,0.44019541607528445,0.5721541805059058
3,non_LLM_context_recall_score,0.0,0.0,0.0,0.0,0.0,,
4,rouge_score,0.4072520202119479,0.16230762534153517,0.15912530690385288,0.36112470346690456,0.45337933695699123,0.39854345045867356,0.39072932485648226
5,answer_relevancy_score,0.773042406982227,0.18052729102825915,0.21492592521991935,0.7217371185408333,0.8243476954236207,0.23352831539086527,0.27802604783214785
6,answer_faithfulness_score,0.8126253436106379,0.13626869012358792,0.15296968481716094,0.7738982103749922,0.8513524768462836,0.1676894416289333,0.1882413414987645
