,metric,mean,std_btwn_samples,mean_std_wtn_sample,ci_95_lower,ci_95_upper,cv_btwn_samples,cv_wtn_sample
0,rag_latency,0.45910238349485427,0.22645508346585702,0.0,0.39474456086283466,0.5234602061268739,0.4932561703165176,0.0
1,context_precision_score,0.8399999999159999,0.36660605555980663,0.0,0.7358117117202101,0.9441882881117898,0.43643578047198484,0.0
2,context_recall_score,0.8111666666666667,0.3652533747657615,0.0,0.7073628060990339,0.9149705272342995,0.4502815386469219,0.0
3,non_LLM_context_recall_score,0.0,0.0,0.0,0.0,0.0,,
4,rouge_score,0.5477748759898293,0.21585659119406866,0.0,0.48642911153444773,0.6091206404452109,0.3940607732401304,0.0
5,answer_relevancy_score,0.8248408083338323,0.28604321883694,0.0,0.743548225004497,0.9061333916631676,0.3467859688159023,0.0
6,answer_faithfulness_score,0.9285750915750915,0.16622749968876827,0.0,0.8813337588666261,0.975816424283557,0.17901352426630956,0.0
