,metric,bge-reranker_BM25_75_mean,default_bge-reranker_mean,mean_diff,improved,regressed,p_value,significant,CI_95_low,CI_95_high,effect_size
0,context_precision_score,0.6933333332639999,0.593333333274,0.09999999999000002,True,False,0.04596108251256523,True,0.006666666666000016,0.20666666664600006,-0.3493697619375843
1,context_recall_score,0.649,0.567,0.08199999999999999,True,False,0.07616876018370072,False,,,-0.33089373804322136
2,non_LLM_context_recall_score,0.0,0.0,0.0,False,False,,False,,,
3,rouge_score,0.4437261234797142,0.4072520202119479,0.036474103267766275,True,False,0.17112096443451694,False,,,-0.22330031738167322
4,answer_relevancy_score,0.824081295802638,0.7730424069822268,0.05103888882041107,True,False,0.11424970839847653,False,,,-0.28755525480790356
5,answer_faithfulness_score,0.8579439911939911,0.8126253436106378,0.04531864758335346,True,False,0.04312034705342758,True,0.0019392467337543385,0.08674142279489006,-0.3549331523037122
6,rag_latency,18.266044344902042,13.01619158109029,5.249852763811748,False,True,3.822583283433945e-24,True,4.746409890759783,5.858819217695439,-3.363078328173335
