,metric,splitter_token_mean,default_mean,mean_diff,improved,regressed,p_value,significant,CI_95_low,CI_95_high,effect_size
0,context_precision_score,0.29999999997,0.3999999999599999,-0.09999999999,False,True,0.18015410971799206,False,,,0.3395498750508659
1,context_recall_score,0.29166666666666663,0.3837777777777777,-0.0921111111111111,False,True,0.1139236239216712,False,,,0.33485072398969723
2,non_LLM_context_recall_score,0.0,0.0,0.0,False,False,,False,,,
3,rouge_score,0.2676889107675295,0.3293269266534617,-0.06163801588593225,False,True,0.003805058077726951,True,-0.0995663108344268,-0.02043741299232321,0.5025338767030801
4,answer_relevancy_score,0.561030414874658,0.6389068910734071,-0.07787647619874924,False,True,0.08507908867624514,False,,,0.3123333912019482
5,answer_faithfulness_score,0.8239967467459728,0.8362501825659721,-0.012253435819999277,False,True,0.5949301856889484,False,,,0.08968065208426185
6,rag_latency,6.093247558275858,5.417910820643106,0.6753367376327516,False,True,1.5612831263404077e-05,True,0.39959329879641603,0.9482121565923559,-0.8368419846392751
