,metric,mean,std_btwn_samples,mean_std_wtn_sample,ci_95_lower,ci_95_upper,cv_btwn_samples,cv_wtn_sample
0,rag_latency,0.5219887447927616,0.2369285188050358,0.09147139707951013,0.4546544047711095,0.5893230848144136,0.4538958381163955,0.17523633984833492
1,context_precision_score,0.6933333332639999,0.2735771270217515,0.2922708028612125,0.6155835740288622,0.7710830924991376,0.3945823947823691,0.42154442724582636
2,context_recall_score,0.649,0.24097971330014945,0.28680403406341504,0.580514323241835,0.717485676758165,0.37130926548559234,0.441916847555339
3,non_LLM_context_recall_score,0.0,0.0,0.0,0.0,0.0,,
4,rouge_score,0.44372612347971424,0.16108881275100861,0.15341584190980367,0.39794518944033713,0.48950705751909135,0.36303657645338766,0.3457444441330427
5,answer_relevancy_score,0.824081295802638,0.1707539140974606,0.1517184170267477,0.7755535703525517,0.8726090212527243,0.20720518105091787,0.18410612860588849
6,answer_faithfulness_score,0.8579439911939911,0.11569021271718338,0.12765893959496638,0.8250651965281355,0.8908227858598468,0.1348458802726488,0.14879635606201386
